"filename", "language", "GLSL", "C++", "XML", "CMake", "comment", "blank", "total"
"/sgoinfre/goinfre/Perso/rdinis/CPPPhoneGameEngine/app/src/main/AndroidManifest.xml", "XML", 0, 0, 19, 0, 0, 5, 24
"/sgoinfre/goinfre/Perso/rdinis/CPPPhoneGameEngine/app/src/main/assets/shaders/default.frag", "GLSL", 10, 0, 0, 0, 0, 4, 14
"/sgoinfre/goinfre/Perso/rdinis/CPPPhoneGameEngine/app/src/main/assets/shaders/default.vert", "GLSL", 12, 0, 0, 0, 0, 2, 14
"/sgoinfre/goinfre/Perso/rdinis/CPPPhoneGameEngine/app/src/main/cpp/CameraClass/CameraClass.cpp", "C++", 0, 15, 0, 0, 0, 4, 19
"/sgoinfre/goinfre/Perso/rdinis/CPPPhoneGameEngine/app/src/main/cpp/CameraClass/CameraClass.hpp", "C++", 0, 14, 0, 0, 11, 4, 29
"/sgoinfre/goinfre/Perso/rdinis/CPPPhoneGameEngine/app/src/main/cpp/EBOClass/EBOClass.cpp", "C++", 0, 19, 0, 0, 11, 6, 36
"/sgoinfre/goinfre/Perso/rdinis/CPPPhoneGameEngine/app/src/main/cpp/EBOClass/EBOClass.hpp", "C++", 0, 14, 0, 0, 1, 6, 21
"/sgoinfre/goinfre/Perso/rdinis/CPPPhoneGameEngine/app/src/main/cpp/HomeSceneClass/HomeSceneClass.cpp", "C++", 0, 14, 0, 0, 11, 5, 30
"/sgoinfre/goinfre/Perso/rdinis/CPPPhoneGameEngine/app/src/main/cpp/HomeSceneClass/HomeSceneClass.hpp", "C++", 0, 15, 0, 0, 11, 4, 30
"/sgoinfre/goinfre/Perso/rdinis/CPPPhoneGameEngine/app/src/main/cpp/ObjectClass/ObjectClass.cpp", "C++", 0, 51, 0, 0, 11, 11, 73
"/sgoinfre/goinfre/Perso/rdinis/CPPPhoneGameEngine/app/src/main/cpp/ObjectClass/ObjectClass.hpp", "C++", 0, 26, 0, 0, 11, 4, 41
"/sgoinfre/goinfre/Perso/rdinis/CPPPhoneGameEngine/app/src/main/cpp/SceneClass/SceneClass.cpp", "C++", 0, 60, 0, 0, 11, 14, 85
"/sgoinfre/goinfre/Perso/rdinis/CPPPhoneGameEngine/app/src/main/cpp/SceneClass/SceneClass.hpp", "C++", 0, 37, 0, 0, 11, 13, 61
"/sgoinfre/goinfre/Perso/rdinis/CPPPhoneGameEngine/app/src/main/cpp/ScreenClass/ScreenClass.cpp", "C++", 0, 45, 0, 0, 11, 13, 69
"/sgoinfre/goinfre/Perso/rdinis/CPPPhoneGameEngine/app/src/main/cpp/ScreenClass/ScreenClass.hpp", "C++", 0, 24, 0, 0, 11, 4, 39
"/sgoinfre/goinfre/Perso/rdinis/CPPPhoneGameEngine/app/src/main/cpp/Shader/ShaderClass.cpp", "C++", 0, 39, 0, 0, 11, 13, 63
"/sgoinfre/goinfre/Perso/rdinis/CPPPhoneGameEngine/app/src/main/cpp/Shader/ShaderClass.hpp", "C++", 0, 21, 0, 0, 1, 5, 27
"/sgoinfre/goinfre/Perso/rdinis/CPPPhoneGameEngine/app/src/main/cpp/SquareClass/SquareClass.cpp", "C++", 0, 103, 0, 0, 11, 26, 140
"/sgoinfre/goinfre/Perso/rdinis/CPPPhoneGameEngine/app/src/main/cpp/SquareClass/SquareClass.hpp", "C++", 0, 34, 0, 0, 11, 9, 54
"/sgoinfre/goinfre/Perso/rdinis/CPPPhoneGameEngine/app/src/main/cpp/TextClass/TextClass.cpp", "C++", 0, 137, 0, 0, 7, 37, 181
"/sgoinfre/goinfre/Perso/rdinis/CPPPhoneGameEngine/app/src/main/cpp/TextClass/TextClass.hpp", "C++", 0, 36, 0, 0, 0, 7, 43
"/sgoinfre/goinfre/Perso/rdinis/CPPPhoneGameEngine/app/src/main/cpp/VAOClass/VAOClass.cpp", "C++", 0, 24, 0, 0, 11, 8, 43
"/sgoinfre/goinfre/Perso/rdinis/CPPPhoneGameEngine/app/src/main/cpp/VAOClass/VAOClass.hpp", "C++", 0, 16, 0, 0, 12, 6, 34
"/sgoinfre/goinfre/Perso/rdinis/CPPPhoneGameEngine/app/src/main/cpp/VBOClass/VBOClass.cpp", "C++", 0, 19, 0, 0, 11, 6, 36
"/sgoinfre/goinfre/Perso/rdinis/CPPPhoneGameEngine/app/src/main/cpp/VBOClass/VBOClass.hpp", "C++", 0, 14, 0, 0, 1, 6, 21
"/sgoinfre/goinfre/Perso/rdinis/CPPPhoneGameEngine/app/src/main/cpp/libs/glm/CMakeLists.txt", "CMake", 0, 0, 0, 60, 0, 10, 70
"/sgoinfre/goinfre/Perso/rdinis/CPPPhoneGameEngine/app/src/main/cpp/libs/glm/common.hpp", "C++", 0, 97, 0, 0, 389, 54, 540
"/sgoinfre/goinfre/Perso/rdinis/CPPPhoneGameEngine/app/src/main/cpp/libs/glm/detail/_features.hpp", "C++", 0, 110, 0, 0, 185, 100, 395
"/sgoinfre/goinfre/Perso/rdinis/CPPPhoneGameEngine/app/src/main/cpp/libs/glm/detail/_fixes.hpp", "C++", 0, 16, 0, 0, 5, 7, 28
"/sgoinfre/goinfre/Perso/rdinis/CPPPhoneGameEngine/app/src/main/cpp/libs/glm/detail/_noise.hpp", "C++", 0, 67, 0, 0, 0, 15, 82
"/sgoinfre/goinfre/Perso/rdinis/CPPPhoneGameEngine/app/src/main/cpp/libs/glm/detail/_swizzle.hpp", "C++", 0, 704, 0, 0, 55, 46, 805
"/sgoinfre/goinfre/Perso/rdinis/CPPPhoneGameEngine/app/src/main/cpp/libs/glm/detail/_swizzle_func.hpp", "C++", 0, 648, 0, 0, 0, 35, 683
"/sgoinfre/goinfre/Perso/rdinis/CPPPhoneGameEngine/app/src/main/cpp/libs/glm/detail/_vectorize.hpp", "C++", 0, 142, 0, 0, 0, 21, 163
"/sgoinfre/goinfre/Perso/rdinis/CPPPhoneGameEngine/app/src/main/cpp/libs/glm/detail/compute_common.hpp", "C++", 0, 43, 0, 0, 1, 7, 51
"/sgoinfre/goinfre/Perso/rdinis/CPPPhoneGameEngine/app/src/main/cpp/libs/glm/detail/compute_vector_decl.hpp", "C++", 0, 161, 0, 0, 0, 30, 191
"/sgoinfre/goinfre/Perso/rdinis/CPPPhoneGameEngine/app/src/main/cpp/libs/glm/detail/compute_vector_relational.hpp", "C++", 0, 16, 0, 0, 12, 3, 31
"/sgoinfre/goinfre/Perso/rdinis/CPPPhoneGameEngine/app/src/main/cpp/libs/glm/detail/func_common.inl", "C++", 0, 638, 0, 0, 43, 112, 793
"/sgoinfre/goinfre/Perso/rdinis/CPPPhoneGameEngine/app/src/main/cpp/libs/glm/detail/func_common_simd.inl", "C++", 0, 195, 0, 0, 14, 23, 232
"/sgoinfre/goinfre/Perso/rdinis/CPPPhoneGameEngine/app/src/main/cpp/libs/glm/detail/func_exponential.inl", "C++", 0, 123, 0, 0, 9, 21, 153
"/sgoinfre/goinfre/Perso/rdinis/CPPPhoneGameEngine/app/src/main/cpp/libs/glm/detail/func_exponential_simd.inl", "C++", 0, 30, 0, 0, 2, 6, 38
"/sgoinfre/goinfre/Perso/rdinis/CPPPhoneGameEngine/app/src/main/cpp/libs/glm/detail/func_geometric.inl", "C++", 0, 193, 0, 0, 17, 34, 244
"/sgoinfre/goinfre/Perso/rdinis/CPPPhoneGameEngine/app/src/main/cpp/libs/glm/detail/func_geometric_simd.inl", "C++", 0, 143, 0, 0, 2, 19, 164
"/sgoinfre/goinfre/Perso/rdinis/CPPPhoneGameEngine/app/src/main/cpp/libs/glm/detail/func_integer.inl", "C++", 0, 325, 0, 0, 11, 57, 393
"/sgoinfre/goinfre/Perso/rdinis/CPPPhoneGameEngine/app/src/main/cpp/libs/glm/detail/func_integer_simd.inl", "C++", 0, 52, 0, 0, 0, 14, 66
"/sgoinfre/goinfre/Perso/rdinis/CPPPhoneGameEngine/app/src/main/cpp/libs/glm/detail/func_matrix.inl", "C++", 0, 386, 0, 0, 0, 58, 444
"/sgoinfre/goinfre/Perso/rdinis/CPPPhoneGameEngine/app/src/main/cpp/libs/glm/detail/func_matrix_simd.inl", "C++", 0, 194, 0, 0, 24, 35, 253
"/sgoinfre/goinfre/Perso/rdinis/CPPPhoneGameEngine/app/src/main/cpp/libs/glm/detail/func_packing.inl", "C++", 0, 144, 0, 0, 2, 44, 190
"/sgoinfre/goinfre/Perso/rdinis/CPPPhoneGameEngine/app/src/main/cpp/libs/glm/detail/func_packing_simd.inl", "C++", 0, 5, 0, 0, 0, 2, 7
"/sgoinfre/goinfre/Perso/rdinis/CPPPhoneGameEngine/app/src/main/cpp/libs/glm/detail/func_trigonometric.inl", "C++", 0, 145, 0, 0, 14, 39, 198
"/sgoinfre/goinfre/Perso/rdinis/CPPPhoneGameEngine/app/src/main/cpp/libs/glm/detail/func_trigonometric_simd.inl", "C++", 0, 0, 0, 0, 0, 1, 1
"/sgoinfre/goinfre/Perso/rdinis/CPPPhoneGameEngine/app/src/main/cpp/libs/glm/detail/func_vector_relational.inl", "C++", 0, 78, 0, 0, 0, 10, 88
"/sgoinfre/goinfre/Perso/rdinis/CPPPhoneGameEngine/app/src/main/cpp/libs/glm/detail/func_vector_relational_simd.inl", "C++", 0, 5, 0, 0, 0, 2, 7
"/sgoinfre/goinfre/Perso/rdinis/CPPPhoneGameEngine/app/src/main/cpp/libs/glm/detail/glm.cpp", "C++", 0, 198, 0, 0, 17, 49, 264
"/sgoinfre/goinfre/Perso/rdinis/CPPPhoneGameEngine/app/src/main/cpp/libs/glm/detail/qualifier.hpp", "C++", 0, 196, 0, 0, 1, 33, 230
"/sgoinfre/goinfre/Perso/rdinis/CPPPhoneGameEngine/app/src/main/cpp/libs/glm/detail/setup.hpp", "C++", 0, 917, 0, 0, 104, 168, 1189
"/sgoinfre/goinfre/Perso/rdinis/CPPPhoneGameEngine/app/src/main/cpp/libs/glm/detail/type_float.hpp", "C++", 0, 51, 0, 0, 3, 15, 69
"/sgoinfre/goinfre/Perso/rdinis/CPPPhoneGameEngine/app/src/main/cpp/libs/glm/detail/type_half.hpp", "C++", 0, 11, 0, 0, 0, 6, 17
"/sgoinfre/goinfre/Perso/rdinis/CPPPhoneGameEngine/app/src/main/cpp/libs/glm/detail/type_half.inl", "C++", 0, 121, 0, 0, 80, 41, 242
"/sgoinfre/goinfre/Perso/rdinis/CPPPhoneGameEngine/app/src/main/cpp/libs/glm/detail/type_mat2x2.hpp", "C++", 0, 120, 0, 0, 11, 47, 178
"/sgoinfre/goinfre/Perso/rdinis/CPPPhoneGameEngine/app/src/main/cpp/libs/glm/detail/type_mat2x2.inl", "C++", 0, 465, 0, 0, 9, 63, 537
"/sgoinfre/goinfre/Perso/rdinis/CPPPhoneGameEngine/app/src/main/cpp/libs/glm/detail/type_mat2x3.hpp", "C++", 0, 107, 0, 0, 11, 42, 160
"/sgoinfre/goinfre/Perso/rdinis/CPPPhoneGameEngine/app/src/main/cpp/libs/glm/detail/type_mat2x3.inl", "C++", 0, 445, 0, 0, 9, 57, 511
"/sgoinfre/goinfre/Perso/rdinis/CPPPhoneGameEngine/app/src/main/cpp/libs/glm/detail/type_mat2x4.hpp", "C++", 0, 109, 0, 0, 11, 42, 162
"/sgoinfre/goinfre/Perso/rdinis/CPPPhoneGameEngine/app/src/main/cpp/libs/glm/detail/type_mat2x4.inl", "C++", 0, 455, 0, 0, 9, 57, 521
"/sgoinfre/goinfre/Perso/rdinis/CPPPhoneGameEngine/app/src/main/cpp/libs/glm/detail/type_mat3x2.hpp", "C++", 0, 114, 0, 0, 11, 43, 168
"/sgoinfre/goinfre/Perso/rdinis/CPPPhoneGameEngine/app/src/main/cpp/libs/glm/detail/type_mat3x2.inl", "C++", 0, 467, 0, 0, 9, 57, 533
"/sgoinfre/goinfre/Perso/rdinis/CPPPhoneGameEngine/app/src/main/cpp/libs/glm/detail/type_mat3x3.hpp", "C++", 0, 127, 0, 0, 11, 47, 185
"/sgoinfre/goinfre/Perso/rdinis/CPPPhoneGameEngine/app/src/main/cpp/libs/glm/detail/type_mat3x3.inl", "C++", 0, 528, 0, 0, 9, 65, 602
"/sgoinfre/goinfre/Perso/rdinis/CPPPhoneGameEngine/app/src/main/cpp/libs/glm/detail/type_mat3x4.hpp", "C++", 0, 114, 0, 0, 11, 42, 167
"/sgoinfre/goinfre/Perso/rdinis/CPPPhoneGameEngine/app/src/main/cpp/libs/glm/detail/type_mat3x4.inl", "C++", 0, 513, 0, 0, 9, 57, 579
"/sgoinfre/goinfre/Perso/rdinis/CPPPhoneGameEngine/app/src/main/cpp/libs/glm/detail/type_mat4x2.hpp", "C++", 0, 119, 0, 0, 11, 42, 172
"/sgoinfre/goinfre/Perso/rdinis/CPPPhoneGameEngine/app/src/main/cpp/libs/glm/detail/type_mat4x2.inl", "C++", 0, 509, 0, 0, 9, 57, 575
"/sgoinfre/goinfre/Perso/rdinis/CPPPhoneGameEngine/app/src/main/cpp/libs/glm/detail/type_mat4x3.hpp", "C++", 0, 119, 0, 0, 11, 42, 172
"/sgoinfre/goinfre/Perso/rdinis/CPPPhoneGameEngine/app/src/main/cpp/libs/glm/detail/type_mat4x3.inl", "C++", 0, 533, 0, 0, 9, 57, 599
"/sgoinfre/goinfre/Perso/rdinis/CPPPhoneGameEngine/app/src/main/cpp/libs/glm/detail/type_mat4x4.hpp", "C++", 0, 132, 0, 0, 11, 47, 190
"/sgoinfre/goinfre/Perso/rdinis/CPPPhoneGameEngine/app/src/main/cpp/libs/glm/detail/type_mat4x4.inl", "C++", 0, 598, 0, 0, 36, 73, 707
"/sgoinfre/goinfre/Perso/rdinis/CPPPhoneGameEngine/app/src/main/cpp/libs/glm/detail/type_mat4x4_simd.inl", "C++", 0, 3, 0, 0, 1, 3, 7
"/sgoinfre/goinfre/Perso/rdinis/CPPPhoneGameEngine/app/src/main/cpp/libs/glm/detail/type_quat.hpp", "C++", 0, 126, 0, 0, 22, 46, 194
"/sgoinfre/goinfre/Perso/rdinis/CPPPhoneGameEngine/app/src/main/cpp/libs/glm/detail/type_quat.inl", "C++", 0, 336, 0, 0, 29, 60, 425
"/sgoinfre/goinfre/Perso/rdinis/CPPPhoneGameEngine/app/src/main/cpp/libs/glm/detail/type_quat_simd.inl", "C++", 0, 135, 0, 0, 55, 19, 209
"/sgoinfre/goinfre/Perso/rdinis/CPPPhoneGameEngine/app/src/main/cpp/libs/glm/detail/type_vec1.hpp", "C++", 0, 194, 0, 0, 47, 68, 309
"/sgoinfre/goinfre/Perso/rdinis/CPPPhoneGameEngine/app/src/main/cpp/libs/glm/detail/type_vec1.inl", "C++", 0, 455, 0, 0, 13, 86, 554
"/sgoinfre/goinfre/Perso/rdinis/CPPPhoneGameEngine/app/src/main/cpp/libs/glm/detail/type_vec2.hpp", "C++", 0, 288, 0, 0, 21, 94, 403
"/sgoinfre/goinfre/Perso/rdinis/CPPPhoneGameEngine/app/src/main/cpp/libs/glm/detail/type_vec2.inl", "C++", 0, 781, 0, 0, 13, 122, 916
"/sgoinfre/goinfre/Perso/rdinis/CPPPhoneGameEngine/app/src/main/cpp/libs/glm/detail/type_vec3.hpp", "C++", 0, 317, 0, 0, 24, 96, 437
"/sgoinfre/goinfre/Perso/rdinis/CPPPhoneGameEngine/app/src/main/cpp/libs/glm/detail/type_vec3.inl", "C++", 0, 929, 0, 0, 13, 129, 1071
"/sgoinfre/goinfre/Perso/rdinis/CPPPhoneGameEngine/app/src/main/cpp/libs/glm/detail/type_vec4.hpp", "C++", 0, 372, 0, 0, 36, 101, 509
"/sgoinfre/goinfre/Perso/rdinis/CPPPhoneGameEngine/app/src/main/cpp/libs/glm/detail/type_vec4.inl", "C++", 0, 968, 0, 0, 13, 162, 1143
"/sgoinfre/goinfre/Perso/rdinis/CPPPhoneGameEngine/app/src/main/cpp/libs/glm/detail/type_vec4_simd.inl", "C++", 0, 688, 0, 0, 8, 93, 789
"/sgoinfre/goinfre/Perso/rdinis/CPPPhoneGameEngine/app/src/main/cpp/libs/glm/exponential.hpp", "C++", 0, 24, 0, 0, 74, 13, 111
"/sgoinfre/goinfre/Perso/rdinis/CPPPhoneGameEngine/app/src/main/cpp/libs/glm/ext.hpp", "C++", 0, 239, 0, 0, 3, 26, 268
"/sgoinfre/goinfre/Perso/rdinis/CPPPhoneGameEngine/app/src/main/cpp/libs/glm/ext/_matrix_vectorize.hpp", "C++", 0, 98, 0, 0, 0, 31, 129
"/sgoinfre/goinfre/Perso/rdinis/CPPPhoneGameEngine/app/src/main/cpp/libs/glm/ext/matrix_clip_space.hpp", "C++", 0, 137, 0, 0, 336, 50, 523
"/sgoinfre/goinfre/Perso/rdinis/CPPPhoneGameEngine/app/src/main/cpp/libs/glm/ext/matrix_clip_space.inl", "C++", 0, 528, 0, 0, 1, 67, 596
"/sgoinfre/goinfre/Perso/rdinis/CPPPhoneGameEngine/app/src/main/cpp/libs/glm/ext/matrix_common.hpp", "C++", 0, 16, 0, 0, 14, 10, 40
"/sgoinfre/goinfre/Perso/rdinis/CPPPhoneGameEngine/app/src/main/cpp/libs/glm/ext/matrix_common.inl", "C++", 0, 28, 0, 0, 0, 7, 35
"/sgoinfre/goinfre/Perso/rdinis/CPPPhoneGameEngine/app/src/main/cpp/libs/glm/ext/matrix_double2x2.hpp", "C++", 0, 7, 0, 0, 11, 6, 24
"/sgoinfre/goinfre/Perso/rdinis/CPPPhoneGameEngine/app/src/main/cpp/libs/glm/ext/matrix_double2x2_precision.hpp", "C++", 0, 11, 0, 0, 29, 10, 50
"/sgoinfre/goinfre/Perso/rdinis/CPPPhoneGameEngine/app/src/main/cpp/libs/glm/ext/matrix_double2x3.hpp", "C++", 0, 6, 0, 0, 8, 5, 19
"/sgoinfre/goinfre/Perso/rdinis/CPPPhoneGameEngine/app/src/main/cpp/libs/glm/ext/matrix_double2x3_precision.hpp", "C++", 0, 8, 0, 0, 17, 7, 32
"/sgoinfre/goinfre/Perso/rdinis/CPPPhoneGameEngine/app/src/main/cpp/libs/glm/ext/matrix_double2x4.hpp", "C++", 0, 6, 0, 0, 8, 5, 19
"/sgoinfre/goinfre/Perso/rdinis/CPPPhoneGameEngine/app/src/main/cpp/libs/glm/ext/matrix_double2x4_precision.hpp", "C++", 0, 8, 0, 0, 17, 7, 32
"/sgoinfre/goinfre/Perso/rdinis/CPPPhoneGameEngine/app/src/main/cpp/libs/glm/ext/matrix_double3x2.hpp", "C++", 0, 6, 0, 0, 8, 5, 19
"/sgoinfre/goinfre/Perso/rdinis/CPPPhoneGameEngine/app/src/main/cpp/libs/glm/ext/matrix_double3x2_precision.hpp", "C++", 0, 8, 0, 0, 17, 7, 32
"/sgoinfre/goinfre/Perso/rdinis/CPPPhoneGameEngine/app/src/main/cpp/libs/glm/ext/matrix_double3x3.hpp", "C++", 0, 7, 0, 0, 11, 6, 24
"/sgoinfre/goinfre/Perso/rdinis/CPPPhoneGameEngine/app/src/main/cpp/libs/glm/ext/matrix_double3x3_precision.hpp", "C++", 0, 11, 0, 0, 29, 10, 50
"/sgoinfre/goinfre/Perso/rdinis/CPPPhoneGameEngine/app/src/main/cpp/libs/glm/ext/matrix_double3x4.hpp", "C++", 0, 6, 0, 0, 8, 5, 19
"/sgoinfre/goinfre/Perso/rdinis/CPPPhoneGameEngine/app/src/main/cpp/libs/glm/ext/matrix_double3x4_precision.hpp", "C++", 0, 8, 0, 0, 17, 7, 32
"/sgoinfre/goinfre/Perso/rdinis/CPPPhoneGameEngine/app/src/main/cpp/libs/glm/ext/matrix_double4x2.hpp", "C++", 0, 6, 0, 0, 8, 5, 19
"/sgoinfre/goinfre/Perso/rdinis/CPPPhoneGameEngine/app/src/main/cpp/libs/glm/ext/matrix_double4x2_precision.hpp", "C++", 0, 8, 0, 0, 17, 7, 32
"/sgoinfre/goinfre/Perso/rdinis/CPPPhoneGameEngine/app/src/main/cpp/libs/glm/ext/matrix_double4x3.hpp", "C++", 0, 6, 0, 0, 8, 5, 19
"/sgoinfre/goinfre/Perso/rdinis/CPPPhoneGameEngine/app/src/main/cpp/libs/glm/ext/matrix_double4x3_precision.hpp", "C++", 0, 8, 0, 0, 17, 7, 32
"/sgoinfre/goinfre/Perso/rdinis/CPPPhoneGameEngine/app/src/main/cpp/libs/glm/ext/matrix_double4x4.hpp", "C++", 0, 7, 0, 0, 11, 6, 24
"/sgoinfre/goinfre/Perso/rdinis/CPPPhoneGameEngine/app/src/main/cpp/libs/glm/ext/matrix_double4x4_precision.hpp", "C++", 0, 11, 0, 0, 29, 10, 50
"/sgoinfre/goinfre/Perso/rdinis/CPPPhoneGameEngine/app/src/main/cpp/libs/glm/ext/matrix_float2x2.hpp", "C++", 0, 7, 0, 0, 11, 6, 24
"/sgoinfre/goinfre/Perso/rdinis/CPPPhoneGameEngine/app/src/main/cpp/libs/glm/ext/matrix_float2x2_precision.hpp", "C++", 0, 11, 0, 0, 29, 10, 50
"/sgoinfre/goinfre/Perso/rdinis/CPPPhoneGameEngine/app/src/main/cpp/libs/glm/ext/matrix_float2x3.hpp", "C++", 0, 6, 0, 0, 8, 5, 19
"/sgoinfre/goinfre/Perso/rdinis/CPPPhoneGameEngine/app/src/main/cpp/libs/glm/ext/matrix_float2x3_precision.hpp", "C++", 0, 8, 0, 0, 17, 7, 32
"/sgoinfre/goinfre/Perso/rdinis/CPPPhoneGameEngine/app/src/main/cpp/libs/glm/ext/matrix_float2x4.hpp", "C++", 0, 6, 0, 0, 8, 5, 19
"/sgoinfre/goinfre/Perso/rdinis/CPPPhoneGameEngine/app/src/main/cpp/libs/glm/ext/matrix_float2x4_precision.hpp", "C++", 0, 8, 0, 0, 17, 7, 32
"/sgoinfre/goinfre/Perso/rdinis/CPPPhoneGameEngine/app/src/main/cpp/libs/glm/ext/matrix_float3x2.hpp", "C++", 0, 6, 0, 0, 8, 5, 19
"/sgoinfre/goinfre/Perso/rdinis/CPPPhoneGameEngine/app/src/main/cpp/libs/glm/ext/matrix_float3x2_precision.hpp", "C++", 0, 8, 0, 0, 17, 7, 32
"/sgoinfre/goinfre/Perso/rdinis/CPPPhoneGameEngine/app/src/main/cpp/libs/glm/ext/matrix_float3x3.hpp", "C++", 0, 7, 0, 0, 11, 6, 24
"/sgoinfre/goinfre/Perso/rdinis/CPPPhoneGameEngine/app/src/main/cpp/libs/glm/ext/matrix_float3x3_precision.hpp", "C++", 0, 11, 0, 0, 29, 10, 50
"/sgoinfre/goinfre/Perso/rdinis/CPPPhoneGameEngine/app/src/main/cpp/libs/glm/ext/matrix_float3x4.hpp", "C++", 0, 6, 0, 0, 8, 5, 19
"/sgoinfre/goinfre/Perso/rdinis/CPPPhoneGameEngine/app/src/main/cpp/libs/glm/ext/matrix_float3x4_precision.hpp", "C++", 0, 8, 0, 0, 17, 7, 32
"/sgoinfre/goinfre/Perso/rdinis/CPPPhoneGameEngine/app/src/main/cpp/libs/glm/ext/matrix_float4x2.hpp", "C++", 0, 6, 0, 0, 8, 5, 19
"/sgoinfre/goinfre/Perso/rdinis/CPPPhoneGameEngine/app/src/main/cpp/libs/glm/ext/matrix_float4x2_precision.hpp", "C++", 0, 8, 0, 0, 17, 7, 32
"/sgoinfre/goinfre/Perso/rdinis/CPPPhoneGameEngine/app/src/main/cpp/libs/glm/ext/matrix_float4x3.hpp", "C++", 0, 6, 0, 0, 8, 5, 19
"/sgoinfre/goinfre/Perso/rdinis/CPPPhoneGameEngine/app/src/main/cpp/libs/glm/ext/matrix_float4x3_precision.hpp", "C++", 0, 8, 0, 0, 17, 7, 32
"/sgoinfre/goinfre/Perso/rdinis/CPPPhoneGameEngine/app/src/main/cpp/libs/glm/ext/matrix_float4x4.hpp", "C++", 0, 7, 0, 0, 11, 6, 24
"/sgoinfre/goinfre/Perso/rdinis/CPPPhoneGameEngine/app/src/main/cpp/libs/glm/ext/matrix_float4x4_precision.hpp", "C++", 0, 11, 0, 0, 29, 10, 50
"/sgoinfre/goinfre/Perso/rdinis/CPPPhoneGameEngine/app/src/main/cpp/libs/glm/ext/matrix_int2x2.hpp", "C++", 0, 10, 0, 0, 21, 8, 39
"/sgoinfre/goinfre/Perso/rdinis/CPPPhoneGameEngine/app/src/main/cpp/libs/glm/ext/matrix_int2x2_sized.hpp", "C++", 0, 17, 0, 0, 39, 15, 71
"/sgoinfre/goinfre/Perso/rdinis/CPPPhoneGameEngine/app/src/main/cpp/libs/glm/ext/matrix_int2x3.hpp", "C++", 0, 9, 0, 0, 18, 7, 34
"/sgoinfre/goinfre/Perso/rdinis/CPPPhoneGameEngine/app/src/main/cpp/libs/glm/ext/matrix_int2x3_sized.hpp", "C++", 0, 13, 0, 0, 27, 10, 50
"/sgoinfre/goinfre/Perso/rdinis/CPPPhoneGameEngine/app/src/main/cpp/libs/glm/ext/matrix_int2x4.hpp", "C++", 0, 9, 0, 0, 18, 7, 34
"/sgoinfre/goinfre/Perso/rdinis/CPPPhoneGameEngine/app/src/main/cpp/libs/glm/ext/matrix_int2x4_sized.hpp", "C++", 0, 13, 0, 0, 27, 10, 50
"/sgoinfre/goinfre/Perso/rdinis/CPPPhoneGameEngine/app/src/main/cpp/libs/glm/ext/matrix_int3x2.hpp", "C++", 0, 9, 0, 0, 18, 7, 34
"/sgoinfre/goinfre/Perso/rdinis/CPPPhoneGameEngine/app/src/main/cpp/libs/glm/ext/matrix_int3x2_sized.hpp", "C++", 0, 13, 0, 0, 27, 10, 50
"/sgoinfre/goinfre/Perso/rdinis/CPPPhoneGameEngine/app/src/main/cpp/libs/glm/ext/matrix_int3x3.hpp", "C++", 0, 10, 0, 0, 21, 8, 39
"/sgoinfre/goinfre/Perso/rdinis/CPPPhoneGameEngine/app/src/main/cpp/libs/glm/ext/matrix_int3x3_sized.hpp", "C++", 0, 17, 0, 0, 39, 15, 71
"/sgoinfre/goinfre/Perso/rdinis/CPPPhoneGameEngine/app/src/main/cpp/libs/glm/ext/matrix_int3x4.hpp", "C++", 0, 9, 0, 0, 18, 7, 34
"/sgoinfre/goinfre/Perso/rdinis/CPPPhoneGameEngine/app/src/main/cpp/libs/glm/ext/matrix_int3x4_sized.hpp", "C++", 0, 13, 0, 0, 27, 10, 50
"/sgoinfre/goinfre/Perso/rdinis/CPPPhoneGameEngine/app/src/main/cpp/libs/glm/ext/matrix_int4x2.hpp", "C++", 0, 9, 0, 0, 18, 7, 34
"/sgoinfre/goinfre/Perso/rdinis/CPPPhoneGameEngine/app/src/main/cpp/libs/glm/ext/matrix_int4x2_sized.hpp", "C++", 0, 13, 0, 0, 27, 10, 50
"/sgoinfre/goinfre/Perso/rdinis/CPPPhoneGameEngine/app/src/main/cpp/libs/glm/ext/matrix_int4x3.hpp", "C++", 0, 9, 0, 0, 18, 7, 34
"/sgoinfre/goinfre/Perso/rdinis/CPPPhoneGameEngine/app/src/main/cpp/libs/glm/ext/matrix_int4x3_sized.hpp", "C++", 0, 13, 0, 0, 27, 10, 50
"/sgoinfre/goinfre/Perso/rdinis/CPPPhoneGameEngine/app/src/main/cpp/libs/glm/ext/matrix_int4x4.hpp", "C++", 0, 10, 0, 0, 21, 8, 39
"/sgoinfre/goinfre/Perso/rdinis/CPPPhoneGameEngine/app/src/main/cpp/libs/glm/ext/matrix_int4x4_sized.hpp", "C++", 0, 17, 0, 0, 39, 15, 71
"/sgoinfre/goinfre/Perso/rdinis/CPPPhoneGameEngine/app/src/main/cpp/libs/glm/ext/matrix_integer.hpp", "C++", 0, 20, 0, 0, 61, 11, 92
"/sgoinfre/goinfre/Perso/rdinis/CPPPhoneGameEngine/app/src/main/cpp/libs/glm/ext/matrix_integer.inl", "C++", 0, 34, 0, 0, 0, 5, 39
"/sgoinfre/goinfre/Perso/rdinis/CPPPhoneGameEngine/app/src/main/cpp/libs/glm/ext/matrix_projection.hpp", "C++", 0, 33, 0, 0, 103, 14, 150
"/sgoinfre/goinfre/Perso/rdinis/CPPPhoneGameEngine/app/src/main/cpp/libs/glm/ext/matrix_projection.inl", "C++", 0, 85, 0, 0, 1, 21, 107
"/sgoinfre/goinfre/Perso/rdinis/CPPPhoneGameEngine/app/src/main/cpp/libs/glm/ext/matrix_relational.hpp", "C++", 0, 29, 0, 0, 87, 17, 133
"/sgoinfre/goinfre/Perso/rdinis/CPPPhoneGameEngine/app/src/main/cpp/libs/glm/ext/matrix_relational.inl", "C++", 0, 73, 0, 0, 3, 13, 89
"/sgoinfre/goinfre/Perso/rdinis/CPPPhoneGameEngine/app/src/main/cpp/libs/glm/ext/matrix_transform.hpp", "C++", 0, 35, 0, 0, 122, 15, 172
"/sgoinfre/goinfre/Perso/rdinis/CPPPhoneGameEngine/app/src/main/cpp/libs/glm/ext/matrix_transform.inl", "C++", 0, 180, 0, 0, 0, 28, 208
"/sgoinfre/goinfre/Perso/rdinis/CPPPhoneGameEngine/app/src/main/cpp/libs/glm/ext/matrix_uint2x2.hpp", "C++", 0, 10, 0, 0, 21, 8, 39
"/sgoinfre/goinfre/Perso/rdinis/CPPPhoneGameEngine/app/src/main/cpp/libs/glm/ext/matrix_uint2x2_sized.hpp", "C++", 0, 17, 0, 0, 39, 15, 71
"/sgoinfre/goinfre/Perso/rdinis/CPPPhoneGameEngine/app/src/main/cpp/libs/glm/ext/matrix_uint2x3.hpp", "C++", 0, 9, 0, 0, 18, 7, 34
"/sgoinfre/goinfre/Perso/rdinis/CPPPhoneGameEngine/app/src/main/cpp/libs/glm/ext/matrix_uint2x3_sized.hpp", "C++", 0, 13, 0, 0, 27, 10, 50
"/sgoinfre/goinfre/Perso/rdinis/CPPPhoneGameEngine/app/src/main/cpp/libs/glm/ext/matrix_uint2x4.hpp", "C++", 0, 9, 0, 0, 18, 7, 34
"/sgoinfre/goinfre/Perso/rdinis/CPPPhoneGameEngine/app/src/main/cpp/libs/glm/ext/matrix_uint2x4_sized.hpp", "C++", 0, 13, 0, 0, 27, 10, 50
"/sgoinfre/goinfre/Perso/rdinis/CPPPhoneGameEngine/app/src/main/cpp/libs/glm/ext/matrix_uint3x2.hpp", "C++", 0, 9, 0, 0, 18, 7, 34
"/sgoinfre/goinfre/Perso/rdinis/CPPPhoneGameEngine/app/src/main/cpp/libs/glm/ext/matrix_uint3x2_sized.hpp", "C++", 0, 13, 0, 0, 27, 10, 50
"/sgoinfre/goinfre/Perso/rdinis/CPPPhoneGameEngine/app/src/main/cpp/libs/glm/ext/matrix_uint3x3.hpp", "C++", 0, 10, 0, 0, 21, 8, 39
"/sgoinfre/goinfre/Perso/rdinis/CPPPhoneGameEngine/app/src/main/cpp/libs/glm/ext/matrix_uint3x3_sized.hpp", "C++", 0, 17, 0, 0, 39, 15, 71
"/sgoinfre/goinfre/Perso/rdinis/CPPPhoneGameEngine/app/src/main/cpp/libs/glm/ext/matrix_uint3x4.hpp", "C++", 0, 9, 0, 0, 18, 7, 34
"/sgoinfre/goinfre/Perso/rdinis/CPPPhoneGameEngine/app/src/main/cpp/libs/glm/ext/matrix_uint3x4_sized.hpp", "C++", 0, 13, 0, 0, 27, 10, 50
"/sgoinfre/goinfre/Perso/rdinis/CPPPhoneGameEngine/app/src/main/cpp/libs/glm/ext/matrix_uint4x2.hpp", "C++", 0, 9, 0, 0, 18, 7, 34
"/sgoinfre/goinfre/Perso/rdinis/CPPPhoneGameEngine/app/src/main/cpp/libs/glm/ext/matrix_uint4x2_sized.hpp", "C++", 0, 13, 0, 0, 27, 10, 50
"/sgoinfre/goinfre/Perso/rdinis/CPPPhoneGameEngine/app/src/main/cpp/libs/glm/ext/matrix_uint4x3.hpp", "C++", 0, 9, 0, 0, 18, 7, 34
"/sgoinfre/goinfre/Perso/rdinis/CPPPhoneGameEngine/app/src/main/cpp/libs/glm/ext/matrix_uint4x3_sized.hpp", "C++", 0, 13, 0, 0, 27, 10, 50
"/sgoinfre/goinfre/Perso/rdinis/CPPPhoneGameEngine/app/src/main/cpp/libs/glm/ext/matrix_uint4x4.hpp", "C++", 0, 10, 0, 0, 21, 8, 39
"/sgoinfre/goinfre/Perso/rdinis/CPPPhoneGameEngine/app/src/main/cpp/libs/glm/ext/matrix_uint4x4_sized.hpp", "C++", 0, 17, 0, 0, 39, 15, 71
"/sgoinfre/goinfre/Perso/rdinis/CPPPhoneGameEngine/app/src/main/cpp/libs/glm/ext/quaternion_common.hpp", "C++", 0, 30, 0, 0, 91, 15, 136
"/sgoinfre/goinfre/Perso/rdinis/CPPPhoneGameEngine/app/src/main/cpp/libs/glm/ext/quaternion_common.inl", "C++", 0, 107, 0, 0, 14, 24, 145
"/sgoinfre/goinfre/Perso/rdinis/CPPPhoneGameEngine/app/src/main/cpp/libs/glm/ext/quaternion_common_simd.inl", "C++", 0, 15, 0, 0, 0, 4, 19
"/sgoinfre/goinfre/Perso/rdinis/CPPPhoneGameEngine/app/src/main/cpp/libs/glm/ext/quaternion_double.hpp", "C++", 0, 9, 0, 0, 23, 8, 40
"/sgoinfre/goinfre/Perso/rdinis/CPPPhoneGameEngine/app/src/main/cpp/libs/glm/ext/quaternion_double_precision.hpp", "C++", 0, 11, 0, 0, 22, 10, 43
"/sgoinfre/goinfre/Perso/rdinis/CPPPhoneGameEngine/app/src/main/cpp/libs/glm/ext/quaternion_exponential.hpp", "C++", 0, 20, 0, 0, 33, 11, 64
"/sgoinfre/goinfre/Perso/rdinis/CPPPhoneGameEngine/app/src/main/cpp/libs/glm/ext/quaternion_exponential.inl", "C++", 0, 64, 0, 0, 12, 14, 90
"/sgoinfre/goinfre/Perso/rdinis/CPPPhoneGameEngine/app/src/main/cpp/libs/glm/ext/quaternion_float.hpp", "C++", 0, 9, 0, 0, 23, 8, 40
"/sgoinfre/goinfre/Perso/rdinis/CPPPhoneGameEngine/app/src/main/cpp/libs/glm/ext/quaternion_float_precision.hpp", "C++", 0, 11, 0, 0, 16, 10, 37
"/sgoinfre/goinfre/Perso/rdinis/CPPPhoneGameEngine/app/src/main/cpp/libs/glm/ext/quaternion_geometric.hpp", "C++", 0, 19, 0, 0, 41, 11, 71
"/sgoinfre/goinfre/Perso/rdinis/CPPPhoneGameEngine/app/src/main/cpp/libs/glm/ext/quaternion_geometric.inl", "C++", 0, 32, 0, 0, 0, 5, 37
"/sgoinfre/goinfre/Perso/rdinis/CPPPhoneGameEngine/app/src/main/cpp/libs/glm/ext/quaternion_relational.hpp", "C++", 0, 17, 0, 0, 35, 11, 63
"/sgoinfre/goinfre/Perso/rdinis/CPPPhoneGameEngine/app/src/main/cpp/libs/glm/ext/quaternion_relational.inl", "C++", 0, 31, 0, 0, 0, 5, 36
"/sgoinfre/goinfre/Perso/rdinis/CPPPhoneGameEngine/app/src/main/cpp/libs/glm/ext/quaternion_transform.hpp", "C++", 0, 13, 0, 0, 28, 7, 48
"/sgoinfre/goinfre/Perso/rdinis/CPPPhoneGameEngine/app/src/main/cpp/libs/glm/ext/quaternion_transform.inl", "C++", 0, 19, 0, 0, 1, 5, 25
"/sgoinfre/goinfre/Perso/rdinis/CPPPhoneGameEngine/app/src/main/cpp/libs/glm/ext/quaternion_trigonometric.hpp", "C++", 0, 19, 0, 0, 37, 10, 66
"/sgoinfre/goinfre/Perso/rdinis/CPPPhoneGameEngine/app/src/main/cpp/libs/glm/ext/quaternion_trigonometric.inl", "C++", 0, 32, 0, 0, 0, 6, 38
"/sgoinfre/goinfre/Perso/rdinis/CPPPhoneGameEngine/app/src/main/cpp/libs/glm/ext/scalar_common.hpp", "C++", 0, 43, 0, 0, 115, 24, 182
"/sgoinfre/goinfre/Perso/rdinis/CPPPhoneGameEngine/app/src/main/cpp/libs/glm/ext/scalar_common.inl", "C++", 0, 144, 0, 0, 1, 26, 171
"/sgoinfre/goinfre/Perso/rdinis/CPPPhoneGameEngine/app/src/main/cpp/libs/glm/ext/scalar_constants.hpp", "C++", 0, 15, 0, 0, 16, 10, 41
"/sgoinfre/goinfre/Perso/rdinis/CPPPhoneGameEngine/app/src/main/cpp/libs/glm/ext/scalar_constants.inl", "C++", 0, 21, 0, 0, 0, 4, 25
"/sgoinfre/goinfre/Perso/rdinis/CPPPhoneGameEngine/app/src/main/cpp/libs/glm/ext/scalar_int_sized.hpp", "C++", 0, 38, 0, 0, 18, 15, 71
"/sgoinfre/goinfre/Perso/rdinis/CPPPhoneGameEngine/app/src/main/cpp/libs/glm/ext/scalar_integer.hpp", "C++", 0, 29, 0, 0, 50, 14, 93
"/sgoinfre/goinfre/Perso/rdinis/CPPPhoneGameEngine/app/src/main/cpp/libs/glm/ext/scalar_integer.inl", "C++", 0, 208, 0, 0, 0, 36, 244
"/sgoinfre/goinfre/Perso/rdinis/CPPPhoneGameEngine/app/src/main/cpp/libs/glm/ext/scalar_packing.hpp", "C++", 0, 9, 0, 0, 16, 8, 33
"/sgoinfre/goinfre/Perso/rdinis/CPPPhoneGameEngine/app/src/main/cpp/libs/glm/ext/scalar_packing.inl", "C++", 0, 0, 0, 0, 0, 1, 1
"/sgoinfre/goinfre/Perso/rdinis/CPPPhoneGameEngine/app/src/main/cpp/libs/glm/ext/scalar_reciprocal.hpp", "C++", 0, 33, 0, 0, 84, 19, 136
"/sgoinfre/goinfre/Perso/rdinis/CPPPhoneGameEngine/app/src/main/cpp/libs/glm/ext/scalar_reciprocal.inl", "C++", 0, 79, 0, 0, 13, 16, 108
"/sgoinfre/goinfre/Perso/rdinis/CPPPhoneGameEngine/app/src/main/cpp/libs/glm/ext/scalar_relational.hpp", "C++", 0, 17, 0, 0, 41, 11, 69
"/sgoinfre/goinfre/Perso/rdinis/CPPPhoneGameEngine/app/src/main/cpp/libs/glm/ext/scalar_relational.inl", "C++", 0, 32, 0, 0, 2, 7, 41
"/sgoinfre/goinfre/Perso/rdinis/CPPPhoneGameEngine/app/src/main/cpp/libs/glm/ext/scalar_uint_sized.hpp", "C++", 0, 38, 0, 0, 18, 15, 71
"/sgoinfre/goinfre/Perso/rdinis/CPPPhoneGameEngine/app/src/main/cpp/libs/glm/ext/scalar_ulp.hpp", "C++", 0, 21, 0, 0, 44, 13, 78
"/sgoinfre/goinfre/Perso/rdinis/CPPPhoneGameEngine/app/src/main/cpp/libs/glm/ext/scalar_ulp.inl", "C++", 0, 257, 0, 0, 7, 28, 292
"/sgoinfre/goinfre/Perso/rdinis/CPPPhoneGameEngine/app/src/main/cpp/libs/glm/ext/vector_bool1.hpp", "C++", 0, 9, 0, 0, 15, 7, 31
"/sgoinfre/goinfre/Perso/rdinis/CPPPhoneGameEngine/app/src/main/cpp/libs/glm/ext/vector_bool1_precision.hpp", "C++", 0, 11, 0, 0, 15, 9, 35
"/sgoinfre/goinfre/Perso/rdinis/CPPPhoneGameEngine/app/src/main/cpp/libs/glm/ext/vector_bool2.hpp", "C++", 0, 6, 0, 0, 8, 5, 19
"/sgoinfre/goinfre/Perso/rdinis/CPPPhoneGameEngine/app/src/main/cpp/libs/glm/ext/vector_bool2_precision.hpp", "C++", 0, 8, 0, 0, 17, 7, 32
"/sgoinfre/goinfre/Perso/rdinis/CPPPhoneGameEngine/app/src/main/cpp/libs/glm/ext/vector_bool3.hpp", "C++", 0, 6, 0, 0, 8, 5, 19
"/sgoinfre/goinfre/Perso/rdinis/CPPPhoneGameEngine/app/src/main/cpp/libs/glm/ext/vector_bool3_precision.hpp", "C++", 0, 8, 0, 0, 17, 7, 32
"/sgoinfre/goinfre/Perso/rdinis/CPPPhoneGameEngine/app/src/main/cpp/libs/glm/ext/vector_bool4.hpp", "C++", 0, 6, 0, 0, 8, 5, 19
"/sgoinfre/goinfre/Perso/rdinis/CPPPhoneGameEngine/app/src/main/cpp/libs/glm/ext/vector_bool4_precision.hpp", "C++", 0, 8, 0, 0, 17, 7, 32
"/sgoinfre/goinfre/Perso/rdinis/CPPPhoneGameEngine/app/src/main/cpp/libs/glm/ext/vector_common.hpp", "C++", 0, 50, 0, 0, 152, 27, 229
"/sgoinfre/goinfre/Perso/rdinis/CPPPhoneGameEngine/app/src/main/cpp/libs/glm/ext/vector_common.inl", "C++", 0, 125, 0, 0, 0, 23, 148
"/sgoinfre/goinfre/Perso/rdinis/CPPPhoneGameEngine/app/src/main/cpp/libs/glm/ext/vector_double1.hpp", "C++", 0, 9, 0, 0, 16, 7, 32
"/sgoinfre/goinfre/Perso/rdinis/CPPPhoneGameEngine/app/src/main/cpp/libs/glm/ext/vector_double1_precision.hpp", "C++", 0, 11, 0, 0, 17, 9, 37
"/sgoinfre/goinfre/Perso/rdinis/CPPPhoneGameEngine/app/src/main/cpp/libs/glm/ext/vector_double2.hpp", "C++", 0, 6, 0, 0, 8, 5, 19
"/sgoinfre/goinfre/Perso/rdinis/CPPPhoneGameEngine/app/src/main/cpp/libs/glm/ext/vector_double2_precision.hpp", "C++", 0, 8, 0, 0, 17, 7, 32
"/sgoinfre/goinfre/Perso/rdinis/CPPPhoneGameEngine/app/src/main/cpp/libs/glm/ext/vector_double3.hpp", "C++", 0, 6, 0, 0, 8, 5, 19
"/sgoinfre/goinfre/Perso/rdinis/CPPPhoneGameEngine/app/src/main/cpp/libs/glm/ext/vector_double3_precision.hpp", "C++", 0, 8, 0, 0, 20, 7, 35
"/sgoinfre/goinfre/Perso/rdinis/CPPPhoneGameEngine/app/src/main/cpp/libs/glm/ext/vector_double4.hpp", "C++", 0, 6, 0, 0, 8, 5, 19
"/sgoinfre/goinfre/Perso/rdinis/CPPPhoneGameEngine/app/src/main/cpp/libs/glm/ext/vector_double4_precision.hpp", "C++", 0, 9, 0, 0, 20, 7, 36
"/sgoinfre/goinfre/Perso/rdinis/CPPPhoneGameEngine/app/src/main/cpp/libs/glm/ext/vector_float1.hpp", "C++", 0, 9, 0, 0, 16, 7, 32
"/sgoinfre/goinfre/Perso/rdinis/CPPPhoneGameEngine/app/src/main/cpp/libs/glm/ext/vector_float1_precision.hpp", "C++", 0, 11, 0, 0, 17, 9, 37
"/sgoinfre/goinfre/Perso/rdinis/CPPPhoneGameEngine/app/src/main/cpp/libs/glm/ext/vector_float2.hpp", "C++", 0, 6, 0, 0, 8, 5, 19
"/sgoinfre/goinfre/Perso/rdinis/CPPPhoneGameEngine/app/src/main/cpp/libs/glm/ext/vector_float2_precision.hpp", "C++", 0, 8, 0, 0, 17, 7, 32
"/sgoinfre/goinfre/Perso/rdinis/CPPPhoneGameEngine/app/src/main/cpp/libs/glm/ext/vector_float3.hpp", "C++", 0, 6, 0, 0, 8, 5, 19
"/sgoinfre/goinfre/Perso/rdinis/CPPPhoneGameEngine/app/src/main/cpp/libs/glm/ext/vector_float3_precision.hpp", "C++", 0, 8, 0, 0, 17, 7, 32
"/sgoinfre/goinfre/Perso/rdinis/CPPPhoneGameEngine/app/src/main/cpp/libs/glm/ext/vector_float4.hpp", "C++", 0, 6, 0, 0, 8, 5, 19
"/sgoinfre/goinfre/Perso/rdinis/CPPPhoneGameEngine/app/src/main/cpp/libs/glm/ext/vector_float4_precision.hpp", "C++", 0, 8, 0, 0, 17, 7, 32
"/sgoinfre/goinfre/Perso/rdinis/CPPPhoneGameEngine/app/src/main/cpp/libs/glm/ext/vector_int1.hpp", "C++", 0, 9, 0, 0, 16, 8, 33
"/sgoinfre/goinfre/Perso/rdinis/CPPPhoneGameEngine/app/src/main/cpp/libs/glm/ext/vector_int1_sized.hpp", "C++", 0, 13, 0, 0, 27, 10, 50
"/sgoinfre/goinfre/Perso/rdinis/CPPPhoneGameEngine/app/src/main/cpp/libs/glm/ext/vector_int2.hpp", "C++", 0, 6, 0, 0, 8, 5, 19
"/sgoinfre/goinfre/Perso/rdinis/CPPPhoneGameEngine/app/src/main/cpp/libs/glm/ext/vector_int2_sized.hpp", "C++", 0, 13, 0, 0, 27, 10, 50
"/sgoinfre/goinfre/Perso/rdinis/CPPPhoneGameEngine/app/src/main/cpp/libs/glm/ext/vector_int3.hpp", "C++", 0, 6, 0, 0, 8, 5, 19
"/sgoinfre/goinfre/Perso/rdinis/CPPPhoneGameEngine/app/src/main/cpp/libs/glm/ext/vector_int3_sized.hpp", "C++", 0, 13, 0, 0, 27, 10, 50
"/sgoinfre/goinfre/Perso/rdinis/CPPPhoneGameEngine/app/src/main/cpp/libs/glm/ext/vector_int4.hpp", "C++", 0, 6, 0, 0, 8, 5, 19
"/sgoinfre/goinfre/Perso/rdinis/CPPPhoneGameEngine/app/src/main/cpp/libs/glm/ext/vector_int4_sized.hpp", "C++", 0, 13, 0, 0, 27, 10, 50
"/sgoinfre/goinfre/Perso/rdinis/CPPPhoneGameEngine/app/src/main/cpp/libs/glm/ext/vector_integer.hpp", "C++", 0, 34, 0, 0, 99, 17, 150
"/sgoinfre/goinfre/Perso/rdinis/CPPPhoneGameEngine/app/src/main/cpp/libs/glm/ext/vector_integer.inl", "C++", 0, 65, 0, 0, 0, 21, 86
"/sgoinfre/goinfre/Perso/rdinis/CPPPhoneGameEngine/app/src/main/cpp/libs/glm/ext/vector_packing.hpp", "C++", 0, 9, 0, 0, 16, 8, 33
"/sgoinfre/goinfre/Perso/rdinis/CPPPhoneGameEngine/app/src/main/cpp/libs/glm/ext/vector_packing.inl", "C++", 0, 0, 0, 0, 0, 1, 1
"/sgoinfre/goinfre/Perso/rdinis/CPPPhoneGameEngine/app/src/main/cpp/libs/glm/ext/vector_reciprocal.hpp", "C++", 0, 33, 0, 0, 84, 19, 136
"/sgoinfre/goinfre/Perso/rdinis/CPPPhoneGameEngine/app/src/main/cpp/libs/glm/ext/vector_reciprocal.inl", "C++", 0, 79, 0, 0, 13, 14, 106
"/sgoinfre/goinfre/Perso/rdinis/CPPPhoneGameEngine/app/src/main/cpp/libs/glm/ext/vector_relational.hpp", "C++", 0, 25, 0, 0, 68, 15, 108
"/sgoinfre/goinfre/Perso/rdinis/CPPPhoneGameEngine/app/src/main/cpp/libs/glm/ext/vector_relational.inl", "C++", 0, 62, 0, 0, 3, 11, 76
"/sgoinfre/goinfre/Perso/rdinis/CPPPhoneGameEngine/app/src/main/cpp/libs/glm/ext/vector_uint1.hpp", "C++", 0, 9, 0, 0, 16, 8, 33
"/sgoinfre/goinfre/Perso/rdinis/CPPPhoneGameEngine/app/src/main/cpp/libs/glm/ext/vector_uint1_sized.hpp", "C++", 0, 13, 0, 0, 27, 10, 50
"/sgoinfre/goinfre/Perso/rdinis/CPPPhoneGameEngine/app/src/main/cpp/libs/glm/ext/vector_uint2.hpp", "C++", 0, 6, 0, 0, 8, 5, 19
"/sgoinfre/goinfre/Perso/rdinis/CPPPhoneGameEngine/app/src/main/cpp/libs/glm/ext/vector_uint2_sized.hpp", "C++", 0, 13, 0, 0, 27, 10, 50
"/sgoinfre/goinfre/Perso/rdinis/CPPPhoneGameEngine/app/src/main/cpp/libs/glm/ext/vector_uint3.hpp", "C++", 0, 6, 0, 0, 8, 5, 19
"/sgoinfre/goinfre/Perso/rdinis/CPPPhoneGameEngine/app/src/main/cpp/libs/glm/ext/vector_uint3_sized.hpp", "C++", 0, 13, 0, 0, 27, 10, 50
"/sgoinfre/goinfre/Perso/rdinis/CPPPhoneGameEngine/app/src/main/cpp/libs/glm/ext/vector_uint4.hpp", "C++", 0, 6, 0, 0, 8, 5, 19
"/sgoinfre/goinfre/Perso/rdinis/CPPPhoneGameEngine/app/src/main/cpp/libs/glm/ext/vector_uint4_sized.hpp", "C++", 0, 13, 0, 0, 27, 10, 50
"/sgoinfre/goinfre/Perso/rdinis/CPPPhoneGameEngine/app/src/main/cpp/libs/glm/ext/vector_ulp.hpp", "C++", 0, 25, 0, 0, 73, 15, 113
"/sgoinfre/goinfre/Perso/rdinis/CPPPhoneGameEngine/app/src/main/cpp/libs/glm/ext/vector_ulp.inl", "C++", 0, 67, 0, 0, 0, 8, 75
"/sgoinfre/goinfre/Perso/rdinis/CPPPhoneGameEngine/app/src/main/cpp/libs/glm/fwd.hpp", "C++", 0, 1013, 0, 0, 12, 209, 1234
"/sgoinfre/goinfre/Perso/rdinis/CPPPhoneGameEngine/app/src/main/cpp/libs/glm/geometric.hpp", "C++", 0, 30, 0, 0, 73, 14, 117
"/sgoinfre/goinfre/Perso/rdinis/CPPPhoneGameEngine/app/src/main/cpp/libs/glm/glm.cppm", "C++", 0, 2652, 0, 0, 7, 17, 2676
"/sgoinfre/goinfre/Perso/rdinis/CPPPhoneGameEngine/app/src/main/cpp/libs/glm/glm.hpp", "C++", 0, 29, 0, 0, 102, 7, 138
"/sgoinfre/goinfre/Perso/rdinis/CPPPhoneGameEngine/app/src/main/cpp/libs/glm/gtc/bitfield.hpp", "C++", 0, 57, 0, 0, 170, 40, 267
"/sgoinfre/goinfre/Perso/rdinis/CPPPhoneGameEngine/app/src/main/cpp/libs/glm/gtc/bitfield.inl", "C++", 0, 493, 0, 0, 1, 142, 636
"/sgoinfre/goinfre/Perso/rdinis/CPPPhoneGameEngine/app/src/main/cpp/libs/glm/gtc/color_space.hpp", "C++", 0, 22, 0, 0, 24, 11, 57
"/sgoinfre/goinfre/Perso/rdinis/CPPPhoneGameEngine/app/src/main/cpp/libs/glm/gtc/color_space.inl", "C++", 0, 72, 0, 0, 2, 11, 85
"/sgoinfre/goinfre/Perso/rdinis/CPPPhoneGameEngine/app/src/main/cpp/libs/glm/gtc/constants.hpp", "C++", 0, 65, 0, 0, 71, 35, 171
"/sgoinfre/goinfre/Perso/rdinis/CPPPhoneGameEngine/app/src/main/cpp/libs/glm/gtc/constants.inl", "C++", 0, 143, 0, 0, 1, 30, 174
"/sgoinfre/goinfre/Perso/rdinis/CPPPhoneGameEngine/app/src/main/cpp/libs/glm/gtc/epsilon.hpp", "C++", 0, 18, 0, 0, 32, 11, 61
"/sgoinfre/goinfre/Perso/rdinis/CPPPhoneGameEngine/app/src/main/cpp/libs/glm/gtc/epsilon.inl", "C++", 0, 67, 0, 0, 2, 12, 81
"/sgoinfre/goinfre/Perso/rdinis/CPPPhoneGameEngine/app/src/main/cpp/libs/glm/gtc/integer.hpp", "C++", 0, 18, 0, 0, 18, 8, 44
"/sgoinfre/goinfre/Perso/rdinis/CPPPhoneGameEngine/app/src/main/cpp/libs/glm/gtc/integer.inl", "C++", 0, 28, 0, 0, 3, 3, 34
"/sgoinfre/goinfre/Perso/rdinis/CPPPhoneGameEngine/app/src/main/cpp/libs/glm/gtc/matrix_access.hpp", "C++", 0, 27, 0, 0, 23, 11, 61
"/sgoinfre/goinfre/Perso/rdinis/CPPPhoneGameEngine/app/src/main/cpp/libs/glm/gtc/matrix_access.inl", "C++", 0, 53, 0, 0, 1, 9, 63
"/sgoinfre/goinfre/Perso/rdinis/CPPPhoneGameEngine/app/src/main/cpp/libs/glm/gtc/matrix_integer.hpp", "C++", 0, 112, 0, 0, 207, 115, 434
"/sgoinfre/goinfre/Perso/rdinis/CPPPhoneGameEngine/app/src/main/cpp/libs/glm/gtc/matrix_inverse.hpp", "C++", 0, 17, 0, 0, 25, 9, 51
"/sgoinfre/goinfre/Perso/rdinis/CPPPhoneGameEngine/app/src/main/cpp/libs/glm/gtc/matrix_inverse.inl", "C++", 0, 99, 0, 0, 1, 19, 119
"/sgoinfre/goinfre/Perso/rdinis/CPPPhoneGameEngine/app/src/main/cpp/libs/glm/gtc/matrix_transform.hpp", "C++", 0, 12, 0, 0, 20, 5, 37
"/sgoinfre/goinfre/Perso/rdinis/CPPPhoneGameEngine/app/src/main/cpp/libs/glm/gtc/matrix_transform.inl", "C++", 0, 3, 0, 0, 0, 1, 4
"/sgoinfre/goinfre/Perso/rdinis/CPPPhoneGameEngine/app/src/main/cpp/libs/glm/gtc/noise.hpp", "C++", 0, 27, 0, 0, 25, 10, 62
"/sgoinfre/goinfre/Perso/rdinis/CPPPhoneGameEngine/app/src/main/cpp/libs/glm/gtc/noise.inl", "C++", 0, 582, 0, 0, 133, 93, 808
"/sgoinfre/goinfre/Perso/rdinis/CPPPhoneGameEngine/app/src/main/cpp/libs/glm/gtc/packing.hpp", "C++", 0, 88, 0, 0, 561, 80, 729
"/sgoinfre/goinfre/Perso/rdinis/CPPPhoneGameEngine/app/src/main/cpp/libs/glm/gtc/packing.inl", "C++", 0, 763, 0, 0, 61, 128, 952
"/sgoinfre/goinfre/Perso/rdinis/CPPPhoneGameEngine/app/src/main/cpp/libs/glm/gtc/quaternion.hpp", "C++", 0, 60, 0, 0, 93, 21, 174
"/sgoinfre/goinfre/Perso/rdinis/CPPPhoneGameEngine/app/src/main/cpp/libs/glm/gtc/quaternion.inl", "C++", 0, 175, 0, 0, 1, 33, 209
"/sgoinfre/goinfre/Perso/rdinis/CPPPhoneGameEngine/app/src/main/cpp/libs/glm/gtc/quaternion_simd.inl", "C++", 0, 0, 0, 0, 0, 1, 1
"/sgoinfre/goinfre/Perso/rdinis/CPPPhoneGameEngine/app/src/main/cpp/libs/glm/gtc/random.hpp", "C++", 0, 25, 0, 0, 44, 14, 83
"/sgoinfre/goinfre/Perso/rdinis/CPPPhoneGameEngine/app/src/main/cpp/libs/glm/gtc/random.inl", "C++", 0, 262, 0, 0, 0, 42, 304
"/sgoinfre/goinfre/Perso/rdinis/CPPPhoneGameEngine/app/src/main/cpp/libs/glm/gtc/reciprocal.hpp", "C++", 0, 7, 0, 0, 12, 6, 25
"/sgoinfre/goinfre/Perso/rdinis/CPPPhoneGameEngine/app/src/main/cpp/libs/glm/gtc/round.hpp", "C++", 0, 38, 0, 0, 104, 19, 161
"/sgoinfre/goinfre/Perso/rdinis/CPPPhoneGameEngine/app/src/main/cpp/libs/glm/gtc/round.inl", "C++", 0, 118, 0, 0, 13, 25, 156
"/sgoinfre/goinfre/Perso/rdinis/CPPPhoneGameEngine/app/src/main/cpp/libs/glm/gtc/type_aligned.hpp", "C++", 0, 547, 0, 0, 384, 385, 1316
"/sgoinfre/goinfre/Perso/rdinis/CPPPhoneGameEngine/app/src/main/cpp/libs/glm/gtc/type_precision.hpp", "C++", 0, 514, 0, 0, 1018, 563, 2095
"/sgoinfre/goinfre/Perso/rdinis/CPPPhoneGameEngine/app/src/main/cpp/libs/glm/gtc/type_precision.inl", "C++", 0, 3, 0, 0, 1, 3, 7
"/sgoinfre/goinfre/Perso/rdinis/CPPPhoneGameEngine/app/src/main/cpp/libs/glm/gtc/type_ptr.hpp", "C++", 0, 89, 0, 0, 102, 40, 231
"/sgoinfre/goinfre/Perso/rdinis/CPPPhoneGameEngine/app/src/main/cpp/libs/glm/gtc/type_ptr.inl", "C++", 0, 320, 0, 0, 4, 63, 387
"/sgoinfre/goinfre/Perso/rdinis/CPPPhoneGameEngine/app/src/main/cpp/libs/glm/gtc/ulp.hpp", "C++", 0, 38, 0, 0, 97, 21, 156
"/sgoinfre/goinfre/Perso/rdinis/CPPPhoneGameEngine/app/src/main/cpp/libs/glm/gtc/ulp.inl", "C++", 0, 150, 0, 0, 1, 23, 174
"/sgoinfre/goinfre/Perso/rdinis/CPPPhoneGameEngine/app/src/main/cpp/libs/glm/gtc/vec1.hpp", "C++", 0, 14, 0, 0, 12, 5, 31
"/sgoinfre/goinfre/Perso/rdinis/CPPPhoneGameEngine/app/src/main/cpp/libs/glm/gtx/associated_min_max.hpp", "C++", 0, 117, 0, 0, 60, 29, 206
"/sgoinfre/goinfre/Perso/rdinis/CPPPhoneGameEngine/app/src/main/cpp/libs/glm/gtx/associated_min_max.inl", "C++", 0, 310, 0, 0, 19, 26, 355
"/sgoinfre/goinfre/Perso/rdinis/CPPPhoneGameEngine/app/src/main/cpp/libs/glm/gtx/bit.hpp", "C++", 0, 29, 0, 0, 50, 18, 97
"/sgoinfre/goinfre/Perso/rdinis/CPPPhoneGameEngine/app/src/main/cpp/libs/glm/gtx/bit.inl", "C++", 0, 64, 0, 0, 11, 18, 93
"/sgoinfre/goinfre/Perso/rdinis/CPPPhoneGameEngine/app/src/main/cpp/libs/glm/gtx/closest_point.hpp", "C++", 0, 21, 0, 0, 18, 9, 48
"/sgoinfre/goinfre/Perso/rdinis/CPPPhoneGameEngine/app/src/main/cpp/libs/glm/gtx/closest_point.inl", "C++", 0, 35, 0, 0, 3, 8, 46
"/sgoinfre/goinfre/Perso/rdinis/CPPPhoneGameEngine/app/src/main/cpp/libs/glm/gtx/color_encoding.hpp", "C++", 0, 22, 0, 0, 20, 11, 53
"/sgoinfre/goinfre/Perso/rdinis/CPPPhoneGameEngine/app/src/main/cpp/libs/glm/gtx/color_encoding.inl", "C++", 0, 35, 0, 0, 1, 10, 46
"/sgoinfre/goinfre/Perso/rdinis/CPPPhoneGameEngine/app/src/main/cpp/libs/glm/gtx/color_space.hpp", "C++", 0, 31, 0, 0, 27, 13, 71
"/sgoinfre/goinfre/Perso/rdinis/CPPPhoneGameEngine/app/src/main/cpp/libs/glm/gtx/color_space.inl", "C++", 0, 119, 0, 0, 7, 19, 145
"/sgoinfre/goinfre/Perso/rdinis/CPPPhoneGameEngine/app/src/main/cpp/libs/glm/gtx/color_space_YCoCg.hpp", "C++", 0, 23, 0, 0, 25, 11, 59
"/sgoinfre/goinfre/Perso/rdinis/CPPPhoneGameEngine/app/src/main/cpp/libs/glm/gtx/color_space_YCoCg.inl", "C++", 0, 98, 0, 0, 1, 9, 108
"/sgoinfre/goinfre/Perso/rdinis/CPPPhoneGameEngine/app/src/main/cpp/libs/glm/gtx/common.hpp", "C++", 0, 22, 0, 0, 42, 11, 75
"/sgoinfre/goinfre/Perso/rdinis/CPPPhoneGameEngine/app/src/main/cpp/libs/glm/gtx/common.inl", "C++", 0, 105, 0, 0, 2, 19, 126
"/sgoinfre/goinfre/Perso/rdinis/CPPPhoneGameEngine/app/src/main/cpp/libs/glm/gtx/compatibility.hpp", "C++", 0, 96, 0, 0, 15, 21, 132
"/sgoinfre/goinfre/Perso/rdinis/CPPPhoneGameEngine/app/src/main/cpp/libs/glm/gtx/compatibility.inl", "C++", 0, 55, 0, 0, 1, 7, 63
"/sgoinfre/goinfre/Perso/rdinis/CPPPhoneGameEngine/app/src/main/cpp/libs/glm/gtx/component_wise.hpp", "C++", 0, 28, 0, 0, 35, 15, 78
"/sgoinfre/goinfre/Perso/rdinis/CPPPhoneGameEngine/app/src/main/cpp/libs/glm/gtx/component_wise.inl", "C++", 0, 127, 0, 0, 1, 20, 148
"/sgoinfre/goinfre/Perso/rdinis/CPPPhoneGameEngine/app/src/main/cpp/libs/glm/gtx/dual_quaternion.hpp", "C++", 0, 119, 0, 0, 89, 65, 273
"/sgoinfre/goinfre/Perso/rdinis/CPPPhoneGameEngine/app/src/main/cpp/libs/glm/gtx/dual_quaternion.inl", "C++", 0, 286, 0, 0, 12, 55, 353
"/sgoinfre/goinfre/Perso/rdinis/CPPPhoneGameEngine/app/src/main/cpp/libs/glm/gtx/easing.hpp", "C++", 0, 80, 0, 0, 97, 41, 218
"/sgoinfre/goinfre/Perso/rdinis/CPPPhoneGameEngine/app/src/main/cpp/libs/glm/gtx/easing.inl", "C++", 0, 334, 0, 0, 32, 71, 437
"/sgoinfre/goinfre/Perso/rdinis/CPPPhoneGameEngine/app/src/main/cpp/libs/glm/gtx/euler_angles.hpp", "C++", 0, 186, 0, 0, 100, 48, 334
"/sgoinfre/goinfre/Perso/rdinis/CPPPhoneGameEngine/app/src/main/cpp/libs/glm/gtx/euler_angles.inl", "C++", 0, 833, 0, 0, 1, 66, 900
"/sgoinfre/goinfre/Perso/rdinis/CPPPhoneGameEngine/app/src/main/cpp/libs/glm/gtx/extend.hpp", "C++", 0, 16, 0, 0, 17, 8, 41
"/sgoinfre/goinfre/Perso/rdinis/CPPPhoneGameEngine/app/src/main/cpp/libs/glm/gtx/extend.inl", "C++", 0, 43, 0, 0, 1, 5, 49
"/sgoinfre/goinfre/Perso/rdinis/CPPPhoneGameEngine/app/src/main/cpp/libs/glm/gtx/extended_min_max.hpp", "C++", 0, 78, 0, 0, 39, 19, 136
"/sgoinfre/goinfre/Perso/rdinis/CPPPhoneGameEngine/app/src/main/cpp/libs/glm/gtx/extended_min_max.inl", "C++", 0, 125, 0, 0, 1, 13, 139
"/sgoinfre/goinfre/Perso/rdinis/CPPPhoneGameEngine/app/src/main/cpp/libs/glm/gtx/exterior_product.hpp", "C++", 0, 14, 0, 0, 22, 8, 44
"/sgoinfre/goinfre/Perso/rdinis/CPPPhoneGameEngine/app/src/main/cpp/libs/glm/gtx/exterior_product.inl", "C++", 0, 20, 0, 0, 1, 6, 27
"/sgoinfre/goinfre/Perso/rdinis/CPPPhoneGameEngine/app/src/main/cpp/libs/glm/gtx/fast_exponential.hpp", "C++", 0, 35, 0, 0, 40, 19, 94
"/sgoinfre/goinfre/Perso/rdinis/CPPPhoneGameEngine/app/src/main/cpp/libs/glm/gtx/fast_exponential.inl", "C++", 0, 73, 0, 0, 50, 14, 137
"/sgoinfre/goinfre/Perso/rdinis/CPPPhoneGameEngine/app/src/main/cpp/libs/glm/gtx/fast_square_root.hpp", "C++", 0, 33, 0, 0, 47, 17, 97
"/sgoinfre/goinfre/Perso/rdinis/CPPPhoneGameEngine/app/src/main/cpp/libs/glm/gtx/fast_square_root.inl", "C++", 0, 56, 0, 0, 6, 14, 76
"/sgoinfre/goinfre/Perso/rdinis/CPPPhoneGameEngine/app/src/main/cpp/libs/glm/gtx/fast_trigonometry.hpp", "C++", 0, 27, 0, 0, 36, 15, 78
"/sgoinfre/goinfre/Perso/rdinis/CPPPhoneGameEngine/app/src/main/cpp/libs/glm/gtx/fast_trigonometry.inl", "C++", 0, 113, 0, 0, 8, 22, 143
"/sgoinfre/goinfre/Perso/rdinis/CPPPhoneGameEngine/app/src/main/cpp/libs/glm/gtx/float_notmalize.inl", "C++", 0, 9, 0, 0, 1, 4, 14
"/sgoinfre/goinfre/Perso/rdinis/CPPPhoneGameEngine/app/src/main/cpp/libs/glm/gtx/functions.hpp", "C++", 0, 23, 0, 0, 22, 10, 55
"/sgoinfre/goinfre/Perso/rdinis/CPPPhoneGameEngine/app/src/main/cpp/libs/glm/gtx/functions.inl", "C++", 0, 25, 0, 0, 1, 5, 31
"/sgoinfre/goinfre/Perso/rdinis/CPPPhoneGameEngine/app/src/main/cpp/libs/glm/gtx/gradient_paint.hpp", "C++", 0, 23, 0, 0, 20, 9, 52
"/sgoinfre/goinfre/Perso/rdinis/CPPPhoneGameEngine/app/src/main/cpp/libs/glm/gtx/gradient_paint.inl", "C++", 0, 32, 0, 0, 1, 4, 37
"/sgoinfre/goinfre/Perso/rdinis/CPPPhoneGameEngine/app/src/main/cpp/libs/glm/gtx/handed_coordinate_space.hpp", "C++", 0, 21, 0, 0, 19, 9, 49
"/sgoinfre/goinfre/Perso/rdinis/CPPPhoneGameEngine/app/src/main/cpp/libs/glm/gtx/handed_coordinate_space.inl", "C++", 0, 23, 0, 0, 1, 3, 27
"/sgoinfre/goinfre/Perso/rdinis/CPPPhoneGameEngine/app/src/main/cpp/libs/glm/gtx/hash.hpp", "C++", 0, 109, 0, 0, 11, 27, 147
"/sgoinfre/goinfre/Perso/rdinis/CPPPhoneGameEngine/app/src/main/cpp/libs/glm/gtx/hash.inl", "C++", 0, 158, 0, 0, 1, 17, 176
"/sgoinfre/goinfre/Perso/rdinis/CPPPhoneGameEngine/app/src/main/cpp/libs/glm/gtx/integer.hpp", "C++", 0, 23, 0, 0, 35, 17, 75
"/sgoinfre/goinfre/Perso/rdinis/CPPPhoneGameEngine/app/src/main/cpp/libs/glm/gtx/integer.inl", "C++", 0, 105, 0, 0, 59, 22, 186
"/sgoinfre/goinfre/Perso/rdinis/CPPPhoneGameEngine/app/src/main/cpp/libs/glm/gtx/intersect.hpp", "C++", 0, 47, 0, 0, 31, 13, 91
"/sgoinfre/goinfre/Perso/rdinis/CPPPhoneGameEngine/app/src/main/cpp/libs/glm/gtx/intersect.inl", "C++", 0, 156, 0, 0, 13, 32, 201
"/sgoinfre/goinfre/Perso/rdinis/CPPPhoneGameEngine/app/src/main/cpp/libs/glm/gtx/io.hpp", "C++", 0, 145, 0, 0, 23, 43, 211
"/sgoinfre/goinfre/Perso/rdinis/CPPPhoneGameEngine/app/src/main/cpp/libs/glm/gtx/io.inl", "C++", 0, 376, 0, 0, 2, 75, 453
"/sgoinfre/goinfre/Perso/rdinis/CPPPhoneGameEngine/app/src/main/cpp/libs/glm/gtx/log_base.hpp", "C++", 0, 19, 0, 0, 19, 9, 47
"/sgoinfre/goinfre/Perso/rdinis/CPPPhoneGameEngine/app/src/main/cpp/libs/glm/gtx/log_base.inl", "C++", 0, 13, 0, 0, 1, 3, 17
"/sgoinfre/goinfre/Perso/rdinis/CPPPhoneGameEngine/app/src/main/cpp/libs/glm/gtx/matrix_cross_product.hpp", "C++", 0, 17, 0, 0, 20, 9, 46
"/sgoinfre/goinfre/Perso/rdinis/CPPPhoneGameEngine/app/src/main/cpp/libs/glm/gtx/matrix_cross_product.inl", "C++", 0, 33, 0, 0, 1, 4, 38
"/sgoinfre/goinfre/Perso/rdinis/CPPPhoneGameEngine/app/src/main/cpp/libs/glm/gtx/matrix_decompose.hpp", "C++", 0, 24, 0, 0, 18, 9, 51
"/sgoinfre/goinfre/Perso/rdinis/CPPPhoneGameEngine/app/src/main/cpp/libs/glm/gtx/matrix_decompose.inl", "C++", 0, 149, 0, 0, 45, 41, 235
"/sgoinfre/goinfre/Perso/rdinis/CPPPhoneGameEngine/app/src/main/cpp/libs/glm/gtx/matrix_factorisation.hpp", "C++", 0, 19, 0, 0, 37, 12, 68
"/sgoinfre/goinfre/Perso/rdinis/CPPPhoneGameEngine/app/src/main/cpp/libs/glm/gtx/matrix_factorisation.inl", "C++", 0, 53, 0, 0, 17, 15, 85
"/sgoinfre/goinfre/Perso/rdinis/CPPPhoneGameEngine/app/src/main/cpp/libs/glm/gtx/matrix_interpolation.hpp", "C++", 0, 23, 0, 0, 25, 11, 59
"/sgoinfre/goinfre/Perso/rdinis/CPPPhoneGameEngine/app/src/main/cpp/libs/glm/gtx/matrix_interpolation.inl", "C++", 0, 134, 0, 0, 1, 12, 147
"/sgoinfre/goinfre/Perso/rdinis/CPPPhoneGameEngine/app/src/main/cpp/libs/glm/gtx/matrix_major_storage.hpp", "C++", 0, 59, 0, 0, 40, 19, 118
"/sgoinfre/goinfre/Perso/rdinis/CPPPhoneGameEngine/app/src/main/cpp/libs/glm/gtx/matrix_major_storage.inl", "C++", 0, 153, 0, 0, 1, 13, 167
"/sgoinfre/goinfre/Perso/rdinis/CPPPhoneGameEngine/app/src/main/cpp/libs/glm/gtx/matrix_operation.hpp", "C++", 0, 44, 0, 0, 39, 19, 102
"/sgoinfre/goinfre/Perso/rdinis/CPPPhoneGameEngine/app/src/main/cpp/libs/glm/gtx/matrix_operation.inl", "C++", 0, 156, 0, 0, 1, 20, 177
"/sgoinfre/goinfre/Perso/rdinis/CPPPhoneGameEngine/app/src/main/cpp/libs/glm/gtx/matrix_query.hpp", "C++", 0, 29, 0, 0, 32, 15, 76
"/sgoinfre/goinfre/Perso/rdinis/CPPPhoneGameEngine/app/src/main/cpp/libs/glm/gtx/matrix_query.inl", "C++", 0, 109, 0, 0, 1, 10, 120
"/sgoinfre/goinfre/Perso/rdinis/CPPPhoneGameEngine/app/src/main/cpp/libs/glm/gtx/matrix_transform_2d.hpp", "C++", 0, 32, 0, 0, 36, 12, 80
"/sgoinfre/goinfre/Perso/rdinis/CPPPhoneGameEngine/app/src/main/cpp/libs/glm/gtx/matrix_transform_2d.inl", "C++", 0, 56, 0, 0, 2, 11, 69
"/sgoinfre/goinfre/Perso/rdinis/CPPPhoneGameEngine/app/src/main/cpp/libs/glm/gtx/mixed_product.hpp", "C++", 0, 16, 0, 0, 16, 8, 40
"/sgoinfre/goinfre/Perso/rdinis/CPPPhoneGameEngine/app/src/main/cpp/libs/glm/gtx/mixed_product.inl", "C++", 0, 13, 0, 0, 1, 2, 16
"/sgoinfre/goinfre/Perso/rdinis/CPPPhoneGameEngine/app/src/main/cpp/libs/glm/gtx/norm.hpp", "C++", 0, 33, 0, 0, 37, 17, 87
"/sgoinfre/goinfre/Perso/rdinis/CPPPhoneGameEngine/app/src/main/cpp/libs/glm/gtx/norm.inl", "C++", 0, 79, 0, 0, 1, 16, 96
"/sgoinfre/goinfre/Perso/rdinis/CPPPhoneGameEngine/app/src/main/cpp/libs/glm/gtx/normal.hpp", "C++", 0, 13, 0, 0, 19, 8, 40
"/sgoinfre/goinfre/Perso/rdinis/CPPPhoneGameEngine/app/src/main/cpp/libs/glm/gtx/normal.inl", "C++", 0, 13, 0, 0, 1, 2, 16
"/sgoinfre/goinfre/Perso/rdinis/CPPPhoneGameEngine/app/src/main/cpp/libs/glm/gtx/normalize_dot.hpp", "C++", 0, 15, 0, 0, 24, 9, 48
"/sgoinfre/goinfre/Perso/rdinis/CPPPhoneGameEngine/app/src/main/cpp/libs/glm/gtx/normalize_dot.inl", "C++", 0, 13, 0, 0, 1, 3, 17
"/sgoinfre/goinfre/Perso/rdinis/CPPPhoneGameEngine/app/src/main/cpp/libs/glm/gtx/number_precision.hpp", "C++", 0, 14, 0, 0, 21, 10, 45
"/sgoinfre/goinfre/Perso/rdinis/CPPPhoneGameEngine/app/src/main/cpp/libs/glm/gtx/optimum_pow.hpp", "C++", 0, 17, 0, 0, 24, 10, 51
"/sgoinfre/goinfre/Perso/rdinis/CPPPhoneGameEngine/app/src/main/cpp/libs/glm/gtx/optimum_pow.inl", "C++", 0, 18, 0, 0, 1, 4, 23
"/sgoinfre/goinfre/Perso/rdinis/CPPPhoneGameEngine/app/src/main/cpp/libs/glm/gtx/orthonormalize.hpp", "C++", 0, 17, 0, 0, 22, 9, 48
"/sgoinfre/goinfre/Perso/rdinis/CPPPhoneGameEngine/app/src/main/cpp/libs/glm/gtx/orthonormalize.inl", "C++", 0, 22, 0, 0, 1, 7, 30
"/sgoinfre/goinfre/Perso/rdinis/CPPPhoneGameEngine/app/src/main/cpp/libs/glm/gtx/pca.hpp", "C++", 0, 32, 0, 0, 66, 15, 113
"/sgoinfre/goinfre/Perso/rdinis/CPPPhoneGameEngine/app/src/main/cpp/libs/glm/gtx/pca.inl", "C++", 0, 307, 0, 0, 4, 33, 344
"/sgoinfre/goinfre/Perso/rdinis/CPPPhoneGameEngine/app/src/main/cpp/libs/glm/gtx/perpendicular.hpp", "C++", 0, 14, 0, 0, 18, 8, 40
"/sgoinfre/goinfre/Perso/rdinis/CPPPhoneGameEngine/app/src/main/cpp/libs/glm/gtx/perpendicular.inl", "C++", 0, 8, 0, 0, 1, 2, 11
"/sgoinfre/goinfre/Perso/rdinis/CPPPhoneGameEngine/app/src/main/cpp/libs/glm/gtx/polar_coordinates.hpp", "C++", 0, 17, 0, 0, 21, 9, 47
"/sgoinfre/goinfre/Perso/rdinis/CPPPhoneGameEngine/app/src/main/cpp/libs/glm/gtx/polar_coordinates.inl", "C++", 0, 30, 0, 0, 1, 6, 37
"/sgoinfre/goinfre/Perso/rdinis/CPPPhoneGameEngine/app/src/main/cpp/libs/glm/gtx/projection.hpp", "C++", 0, 13, 0, 0, 21, 8, 42
"/sgoinfre/goinfre/Perso/rdinis/CPPPhoneGameEngine/app/src/main/cpp/libs/glm/gtx/projection.inl", "C++", 0, 8, 0, 0, 1, 2, 11
"/sgoinfre/goinfre/Perso/rdinis/CPPPhoneGameEngine/app/src/main/cpp/libs/glm/gtx/quaternion.hpp", "C++", 0, 76, 0, 0, 73, 24, 173
"/sgoinfre/goinfre/Perso/rdinis/CPPPhoneGameEngine/app/src/main/cpp/libs/glm/gtx/quaternion.inl", "C++", 0, 128, 0, 0, 9, 23, 160
"/sgoinfre/goinfre/Perso/rdinis/CPPPhoneGameEngine/app/src/main/cpp/libs/glm/gtx/range.hpp", "C++", 0, 64, 0, 0, 15, 18, 97
"/sgoinfre/goinfre/Perso/rdinis/CPPPhoneGameEngine/app/src/main/cpp/libs/glm/gtx/raw_data.hpp", "C++", 0, 16, 0, 0, 23, 11, 50
"/sgoinfre/goinfre/Perso/rdinis/CPPPhoneGameEngine/app/src/main/cpp/libs/glm/gtx/raw_data.inl", "C++", 0, 0, 0, 0, 1, 2, 3
"/sgoinfre/goinfre/Perso/rdinis/CPPPhoneGameEngine/app/src/main/cpp/libs/glm/gtx/rotate_normalized_axis.hpp", "C++", 0, 23, 0, 0, 35, 9, 67
"/sgoinfre/goinfre/Perso/rdinis/CPPPhoneGameEngine/app/src/main/cpp/libs/glm/gtx/rotate_normalized_axis.inl", "C++", 0, 46, 0, 0, 2, 11, 59
"/sgoinfre/goinfre/Perso/rdinis/CPPPhoneGameEngine/app/src/main/cpp/libs/glm/gtx/rotate_vector.hpp", "C++", 0, 61, 0, 0, 43, 18, 122
"/sgoinfre/goinfre/Perso/rdinis/CPPPhoneGameEngine/app/src/main/cpp/libs/glm/gtx/rotate_vector.inl", "C++", 0, 149, 0, 0, 18, 21, 188
"/sgoinfre/goinfre/Perso/rdinis/CPPPhoneGameEngine/app/src/main/cpp/libs/glm/gtx/scalar_multiplication.hpp", "C++", 0, 51, 0, 0, 19, 11, 81
"/sgoinfre/goinfre/Perso/rdinis/CPPPhoneGameEngine/app/src/main/cpp/libs/glm/gtx/scalar_relational.hpp", "C++", 0, 11, 0, 0, 15, 9, 35
"/sgoinfre/goinfre/Perso/rdinis/CPPPhoneGameEngine/app/src/main/cpp/libs/glm/gtx/scalar_relational.inl", "C++", 0, 78, 0, 0, 1, 10, 89
"/sgoinfre/goinfre/Perso/rdinis/CPPPhoneGameEngine/app/src/main/cpp/libs/glm/gtx/spline.hpp", "C++", 0, 33, 0, 0, 21, 10, 64
"/sgoinfre/goinfre/Perso/rdinis/CPPPhoneGameEngine/app/src/main/cpp/libs/glm/gtx/spline.inl", "C++", 0, 51, 0, 0, 1, 9, 61
"/sgoinfre/goinfre/Perso/rdinis/CPPPhoneGameEngine/app/src/main/cpp/libs/glm/gtx/std_based_type.hpp", "C++", 0, 20, 0, 0, 32, 15, 67
"/sgoinfre/goinfre/Perso/rdinis/CPPPhoneGameEngine/app/src/main/cpp/libs/glm/gtx/std_based_type.inl", "C++", 0, 3, 0, 0, 1, 3, 7
"/sgoinfre/goinfre/Perso/rdinis/CPPPhoneGameEngine/app/src/main/cpp/libs/glm/gtx/string_cast.hpp", "C++", 0, 19, 0, 0, 19, 8, 46
"/sgoinfre/goinfre/Perso/rdinis/CPPPhoneGameEngine/app/src/main/cpp/libs/glm/gtx/string_cast.inl", "C++", 0, 429, 0, 0, 1, 68, 498
"/sgoinfre/goinfre/Perso/rdinis/CPPPhoneGameEngine/app/src/main/cpp/libs/glm/gtx/texture.hpp", "C++", 0, 15, 0, 0, 21, 9, 45
"/sgoinfre/goinfre/Perso/rdinis/CPPPhoneGameEngine/app/src/main/cpp/libs/glm/gtx/texture.inl", "C++", 0, 13, 0, 0, 1, 4, 18
"/sgoinfre/goinfre/Perso/rdinis/CPPPhoneGameEngine/app/src/main/cpp/libs/glm/gtx/transform.hpp", "C++", 0, 22, 0, 0, 27, 10, 59
"/sgoinfre/goinfre/Perso/rdinis/CPPPhoneGameEngine/app/src/main/cpp/libs/glm/gtx/transform.inl", "C++", 0, 18, 0, 0, 1, 5, 24
"/sgoinfre/goinfre/Perso/rdinis/CPPPhoneGameEngine/app/src/main/cpp/libs/glm/gtx/transform2.hpp", "C++", 0, 30, 0, 0, 40, 18, 88
"/sgoinfre/goinfre/Perso/rdinis/CPPPhoneGameEngine/app/src/main/cpp/libs/glm/gtx/transform2.inl", "C++", 0, 110, 0, 0, 1, 15, 126
"/sgoinfre/goinfre/Perso/rdinis/CPPPhoneGameEngine/app/src/main/cpp/libs/glm/gtx/type_aligned.hpp", "C++", 0, 229, 0, 0, 468, 284, 981
"/sgoinfre/goinfre/Perso/rdinis/CPPPhoneGameEngine/app/src/main/cpp/libs/glm/gtx/type_aligned.inl", "C++", 0, 3, 0, 0, 1, 3, 7
"/sgoinfre/goinfre/Perso/rdinis/CPPPhoneGameEngine/app/src/main/cpp/libs/glm/gtx/type_trait.hpp", "C++", 0, 57, 0, 0, 15, 12, 84
"/sgoinfre/goinfre/Perso/rdinis/CPPPhoneGameEngine/app/src/main/cpp/libs/glm/gtx/type_trait.inl", "C++", 0, 51, 0, 0, 5, 6, 62
"/sgoinfre/goinfre/Perso/rdinis/CPPPhoneGameEngine/app/src/main/cpp/libs/glm/gtx/vec_swizzle.hpp", "C++", 0, 1945, 0, 0, 350, 490, 2785
"/sgoinfre/goinfre/Perso/rdinis/CPPPhoneGameEngine/app/src/main/cpp/libs/glm/gtx/vector_angle.hpp", "C++", 0, 20, 0, 0, 26, 10, 56
"/sgoinfre/goinfre/Perso/rdinis/CPPPhoneGameEngine/app/src/main/cpp/libs/glm/gtx/vector_angle.inl", "C++", 0, 37, 0, 0, 1, 8, 46
"/sgoinfre/goinfre/Perso/rdinis/CPPPhoneGameEngine/app/src/main/cpp/libs/glm/gtx/vector_query.hpp", "C++", 0, 25, 0, 0, 27, 13, 65
"/sgoinfre/goinfre/Perso/rdinis/CPPPhoneGameEngine/app/src/main/cpp/libs/glm/gtx/vector_query.inl", "C++", 0, 128, 0, 0, 1, 26, 155
"/sgoinfre/goinfre/Perso/rdinis/CPPPhoneGameEngine/app/src/main/cpp/libs/glm/gtx/wrap.hpp", "C++", 0, 14, 0, 0, 15, 7, 36
"/sgoinfre/goinfre/Perso/rdinis/CPPPhoneGameEngine/app/src/main/cpp/libs/glm/gtx/wrap.inl", "C++", 0, 3, 0, 0, 1, 3, 7
"/sgoinfre/goinfre/Perso/rdinis/CPPPhoneGameEngine/app/src/main/cpp/libs/glm/integer.hpp", "C++", 0, 55, 0, 0, 139, 19, 213
"/sgoinfre/goinfre/Perso/rdinis/CPPPhoneGameEngine/app/src/main/cpp/libs/glm/mat2x2.hpp", "C++", 0, 5, 0, 0, 2, 3, 10
"/sgoinfre/goinfre/Perso/rdinis/CPPPhoneGameEngine/app/src/main/cpp/libs/glm/mat2x3.hpp", "C++", 0, 5, 0, 0, 2, 3, 10
"/sgoinfre/goinfre/Perso/rdinis/CPPPhoneGameEngine/app/src/main/cpp/libs/glm/mat2x4.hpp", "C++", 0, 5, 0, 0, 2, 3, 10
"/sgoinfre/goinfre/Perso/rdinis/CPPPhoneGameEngine/app/src/main/cpp/libs/glm/mat3x2.hpp", "C++", 0, 5, 0, 0, 2, 3, 10
"/sgoinfre/goinfre/Perso/rdinis/CPPPhoneGameEngine/app/src/main/cpp/libs/glm/mat3x3.hpp", "C++", 0, 5, 0, 0, 2, 2, 9
"/sgoinfre/goinfre/Perso/rdinis/CPPPhoneGameEngine/app/src/main/cpp/libs/glm/mat3x4.hpp", "C++", 0, 5, 0, 0, 2, 2, 9
"/sgoinfre/goinfre/Perso/rdinis/CPPPhoneGameEngine/app/src/main/cpp/libs/glm/mat4x2.hpp", "C++", 0, 5, 0, 0, 2, 3, 10
"/sgoinfre/goinfre/Perso/rdinis/CPPPhoneGameEngine/app/src/main/cpp/libs/glm/mat4x3.hpp", "C++", 0, 5, 0, 0, 2, 2, 9
"/sgoinfre/goinfre/Perso/rdinis/CPPPhoneGameEngine/app/src/main/cpp/libs/glm/mat4x4.hpp", "C++", 0, 5, 0, 0, 2, 3, 10
"/sgoinfre/goinfre/Perso/rdinis/CPPPhoneGameEngine/app/src/main/cpp/libs/glm/matrix.hpp", "C++", 0, 78, 0, 0, 63, 21, 162
"/sgoinfre/goinfre/Perso/rdinis/CPPPhoneGameEngine/app/src/main/cpp/libs/glm/packing.hpp", "C++", 0, 20, 0, 0, 136, 18, 174
"/sgoinfre/goinfre/Perso/rdinis/CPPPhoneGameEngine/app/src/main/cpp/libs/glm/simd/common.h", "C++", 0, 197, 0, 0, 11, 33, 241
"/sgoinfre/goinfre/Perso/rdinis/CPPPhoneGameEngine/app/src/main/cpp/libs/glm/simd/exponential.h", "C++", 0, 12, 0, 0, 2, 7, 21
"/sgoinfre/goinfre/Perso/rdinis/CPPPhoneGameEngine/app/src/main/cpp/libs/glm/simd/geometric.h", "C++", 0, 105, 0, 0, 7, 19, 131
"/sgoinfre/goinfre/Perso/rdinis/CPPPhoneGameEngine/app/src/main/cpp/libs/glm/simd/integer.h", "C++", 0, 63, 0, 0, 29, 24, 116
"/sgoinfre/goinfre/Perso/rdinis/CPPPhoneGameEngine/app/src/main/cpp/libs/glm/simd/matrix.h", "C++", 0, 546, 0, 0, 310, 173, 1029
"/sgoinfre/goinfre/Perso/rdinis/CPPPhoneGameEngine/app/src/main/cpp/libs/glm/simd/neon.h", "C++", 0, 144, 0, 0, 2, 10, 156
"/sgoinfre/goinfre/Perso/rdinis/CPPPhoneGameEngine/app/src/main/cpp/libs/glm/simd/packing.h", "C++", 0, 3, 0, 0, 2, 4, 9
"/sgoinfre/goinfre/Perso/rdinis/CPPPhoneGameEngine/app/src/main/cpp/libs/glm/simd/platform.h", "C++", 0, 414, 0, 0, 21, 35, 470
"/sgoinfre/goinfre/Perso/rdinis/CPPPhoneGameEngine/app/src/main/cpp/libs/glm/simd/trigonometric.h", "C++", 0, 3, 0, 0, 2, 5, 10
"/sgoinfre/goinfre/Perso/rdinis/CPPPhoneGameEngine/app/src/main/cpp/libs/glm/simd/vector_relational.h", "C++", 0, 3, 0, 0, 2, 4, 9
"/sgoinfre/goinfre/Perso/rdinis/CPPPhoneGameEngine/app/src/main/cpp/libs/glm/trigonometric.hpp", "C++", 0, 37, 0, 0, 153, 21, 211
"/sgoinfre/goinfre/Perso/rdinis/CPPPhoneGameEngine/app/src/main/cpp/libs/glm/vec2.hpp", "C++", 0, 11, 0, 0, 2, 2, 15
"/sgoinfre/goinfre/Perso/rdinis/CPPPhoneGameEngine/app/src/main/cpp/libs/glm/vec3.hpp", "C++", 0, 11, 0, 0, 2, 2, 15
"/sgoinfre/goinfre/Perso/rdinis/CPPPhoneGameEngine/app/src/main/cpp/libs/glm/vec4.hpp", "C++", 0, 11, 0, 0, 2, 3, 16
"/sgoinfre/goinfre/Perso/rdinis/CPPPhoneGameEngine/app/src/main/cpp/libs/glm/vector_relational.hpp", "C++", 0, 25, 0, 0, 82, 15, 122
"/sgoinfre/goinfre/Perso/rdinis/CPPPhoneGameEngine/app/src/main/cpp/libs/stb_image.cpp", "C++", 0, 2, 0, 0, 0, 0, 2
"/sgoinfre/goinfre/Perso/rdinis/CPPPhoneGameEngine/app/src/main/cpp/libs/stb_image.h", "C++", 0, 5833, 0, 0, 1294, 862, 7989
"/sgoinfre/goinfre/Perso/rdinis/CPPPhoneGameEngine/app/src/main/cpp/libs/stb_truetype.cpp", "C++", 0, 2, 0, 0, 0, 0, 2
"/sgoinfre/goinfre/Perso/rdinis/CPPPhoneGameEngine/app/src/main/cpp/libs/stb_truetype.h", "C++", 0, 3483, 0, 0, 1007, 590, 5080
"/sgoinfre/goinfre/Perso/rdinis/CPPPhoneGameEngine/app/src/main/cpp/main.cpp", "C++", 0, 124, 0, 0, 12, 26, 162
"/sgoinfre/goinfre/Perso/rdinis/CPPPhoneGameEngine/app/src/main/res/values/strings.xml", "XML", 0, 0, 4, 0, 0, 0, 4
"Total", "-", 22, 53691, 23, 60, 15760, 12053, 81609